{
  "properties": {
    "connectionReferences": {
      "shared_sql_5": {
        "runtimeSource": "invoker",
        "connection": {
          "connectionReferenceLogicalName": "new_sharedsql_8dc08"
        },
        "api": {
          "name": "shared_sql"
        }
      }
    },
    "definition": {
      "$schema": "https://schema.management.azure.com/providers/Microsoft.Logic/schemas/2016-06-01/workflowdefinition.json#",
      "contentVersion": "1.0.0.0",
      "parameters": {
        "$connections": {
          "defaultValue": {},
          "type": "Object"
        },
        "$authentication": {
          "defaultValue": {},
          "type": "SecureObject"
        }
      },
      "triggers": {
        "manual": {
          "metadata": {
            "operationMetadataId": "f418c3f0-ec33-4dc9-8f66-92fabf985044"
          },
          "type": "Request",
          "kind": "PowerAppV2",
          "inputs": {
            "schema": {
              "type": "object",
              "properties": {
                "text": {
                  "title": "name",
                  "type": "string",
                  "x-ms-dynamically-added": true,
                  "description": "name",
                  "x-ms-content-hint": "TEXT"
                },
                "text_1": {
                  "title": "surname",
                  "type": "string",
                  "x-ms-dynamically-added": true,
                  "description": "surname",
                  "x-ms-content-hint": "TEXT"
                },
                "text_2": {
                  "title": "company",
                  "type": "string",
                  "x-ms-dynamically-added": true,
                  "description": "company",
                  "x-ms-content-hint": "TEXT"
                },
                "text_3": {
                  "title": "phone2",
                  "type": "string",
                  "x-ms-dynamically-added": true,
                  "description": "phone",
                  "x-ms-content-hint": "TEXT"
                },
                "text_4": {
                  "title": "address",
                  "type": "string",
                  "x-ms-dynamically-added": true,
                  "description": "address",
                  "x-ms-content-hint": "TEXT"
                },
                "text_5": {
                  "title": "role",
                  "type": "string",
                  "x-ms-dynamically-added": true,
                  "description": "role",
                  "x-ms-content-hint": "TEXT"
                }
              },
              "required": [
                "text",
                "text_1",
                "text_2",
                "text_3",
                "text_4",
                "text_5"
              ]
            }
          }
        }
      },
      "actions": {
        "Try": {
          "actions": {
            "Insert_row_in_Person_Table": {
              "runAfter": {},
              "metadata": {
                "operationMetadataId": "e9598f48-6bf5-42f9-b09f-cefc61ec8345"
              },
              "type": "OpenApiConnection",
              "inputs": {
                "host": {
                  "connectionName": "shared_sql_5",
                  "operationId": "PostItem_V2",
                  "apiId": "/providers/Microsoft.PowerApps/apis/shared_sql"
                },
                "parameters": {
                  "server": "default",
                  "database": "default",
                  "table": "[dbo].[Person]",
                  "item/name": "@triggerBody()['text']"
                },
                "authentication": "@parameters('$authentication')"
              }
            },
            "Insert_row_in_Person_Details_Table": {
              "runAfter": {
                "Insert_row_in_Person_Table": [
                  "Succeeded"
                ]
              },
              "metadata": {
                "operationMetadataId": "4284256d-048d-402c-a6c9-1d3ccb61aaee"
              },
              "type": "OpenApiConnection",
              "inputs": {
                "host": {
                  "connectionName": "shared_sql_5",
                  "operationId": "PostItem_V2",
                  "apiId": "/providers/Microsoft.PowerApps/apis/shared_sql"
                },
                "parameters": {
                  "server": "default",
                  "database": "default",
                  "table": "[dbo].[Person_Details]",
                  "item/surname": "@triggerBody()['text_1']",
                  "item/address": "@triggerBody()['text_4']",
                  "item/company": "@triggerBody()['text_2']",
                  "item/person_id": "@outputs('Insert_row_in_Person_Table')?['body/person_Id']",
                  "item/phone": "@triggerBody()['text_3']"
                },
                "authentication": "@parameters('$authentication')"
              }
            },
            "Insert_Role": {
              "runAfter": {
                "Insert_row_in_Person_Details_Table": [
                  "Succeeded"
                ]
              },
              "metadata": {
                "operationMetadataId": "87cb8fa3-6f1a-4503-b405-6c2acf585615"
              },
              "type": "OpenApiConnection",
              "inputs": {
                "host": {
                  "connectionName": "shared_sql_5",
                  "operationId": "PostItem_V2",
                  "apiId": "/providers/Microsoft.PowerApps/apis/shared_sql"
                },
                "parameters": {
                  "server": "default",
                  "database": "default",
                  "table": "[dbo].[Role]",
                  "item/person_id": "@outputs('Insert_row_in_Person_Details_Table')?['body/person_id']",
                  "item/name_role": "@triggerBody()['text_5']"
                },
                "authentication": "@parameters('$authentication')"
              }
            }
          },
          "runAfter": {
            "Initialize_result": [
              "Succeeded"
            ]
          },
          "metadata": {
            "operationMetadataId": "27475d24-c3de-43a7-9fe0-c4c56621e6ff"
          },
          "type": "Scope"
        },
        "Initialize_result": {
          "runAfter": {},
          "metadata": {
            "operationMetadataId": "2bf35b27-ea18-48a8-9d9d-a7f703639fed"
          },
          "type": "InitializeVariable",
          "inputs": {
            "variables": [
              {
                "name": "result",
                "type": "string",
                "value": "OK"
              }
            ]
          }
        },
        "Catch": {
          "actions": {
            "Compose_Error": {
              "runAfter": {},
              "metadata": {
                "operationMetadataId": "5ac6f4ba-e3e6-4448-b0b7-1add2ccdd88f"
              },
              "type": "Compose",
              "inputs": "@result('Try')"
            },
            "Set_result_with_error": {
              "runAfter": {
                "Compose_Error": [
                  "Succeeded"
                ]
              },
              "metadata": {
                "operationMetadataId": "e30a8186-8e32-46da-a903-dfd466501943"
              },
              "type": "SetVariable",
              "inputs": {
                "name": "result",
                "value": "@{outputs('Compose_Error')}"
              }
            }
          },
          "runAfter": {
            "Try": [
              "Failed",
              "Skipped",
              "TimedOut"
            ]
          },
          "metadata": {
            "operationMetadataId": "3f846480-8140-4c38-8320-44448dd0e0e3"
          },
          "type": "Scope"
        },
        "Respond_to_a_PowerApp": {
          "runAfter": {
            "Catch": [
              "Succeeded",
              "Failed",
              "Skipped",
              "TimedOut"
            ]
          },
          "metadata": {
            "operationMetadataId": "b2d0674a-148d-4d75-8911-8d9f738e62df"
          },
          "type": "Response",
          "kind": "PowerApp",
          "inputs": {
            "statusCode": 200,
            "body": {
              "result": "@variables('result')"
            },
            "schema": {
              "type": "object",
              "properties": {
                "result": {
                  "title": "result",
                  "x-ms-dynamically-added": true,
                  "type": "string"
                }
              }
            }
          }
        }
      }
    },
    "templateName": ""
  },
  "schemaVersion": "1.0.0.0"
}