{
  "properties": {
    "connectionReferences": {
      "shared_sql_4": {
        "runtimeSource": "invoker",
        "connection": {
          "connectionReferenceLogicalName": "mpl_sharedsql_3a180"
        },
        "api": {
          "name": "shared_sql"
        }
      },
      "shared_office365": {
        "runtimeSource": "invoker",
        "connection": {
          "connectionReferenceLogicalName": "new_sharedoffice365_150da"
        },
        "api": {
          "name": "shared_office365"
        }
      }
    },
    "definition": {
      "$schema": "https://schema.management.azure.com/providers/Microsoft.Logic/schemas/2016-06-01/workflowdefinition.json#",
      "contentVersion": "1.0.0.0",
      "parameters": {
        "$connections": {
          "defaultValue": {},
          "type": "Object"
        },
        "$authentication": {
          "defaultValue": {},
          "type": "SecureObject"
        }
      },
      "triggers": {
        "manual": {
          "metadata": {
            "operationMetadataId": "c13bb8cc-752c-43ea-8046-73a4218d9015"
          },
          "type": "Request",
          "kind": "PowerAppV2",
          "inputs": {
            "schema": {
              "type": "object",
              "properties": {
                "text": {
                  "title": "id",
                  "type": "string",
                  "x-ms-dynamically-added": true,
                  "description": "Id",
                  "x-ms-content-hint": "TEXT"
                }
              },
              "required": [
                "text"
              ]
            }
          }
        }
      },
      "actions": {
        "Try": {
          "actions": {
            "Reset_result": {
              "runAfter": {
                "Delete_Person": [
                  "Succeeded"
                ]
              },
              "metadata": {
                "operationMetadataId": "e5216c65-a181-4438-9f2a-098a483aa484"
              },
              "type": "SetVariable",
              "inputs": {
                "name": "result",
                "value": "Ok"
              }
            },
            "Delete_Person": {
              "runAfter": {
                "Execute_a_SQL_query_(V2)": [
                  "Succeeded"
                ]
              },
              "metadata": {
                "operationMetadataId": "eb5702c9-7d0b-40e0-b85c-7b3d6ddeb640"
              },
              "type": "OpenApiConnection",
              "inputs": {
                "host": {
                  "connectionName": "shared_sql_4",
                  "operationId": "DeleteItem_V2",
                  "apiId": "/providers/Microsoft.PowerApps/apis/shared_sql"
                },
                "parameters": {
                  "server": "default",
                  "database": "default",
                  "table": "[dbo].[Person]",
                  "id": "@triggerBody()['text']"
                },
                "authentication": "@parameters('$authentication')"
              }
            },
            "Get_Related_Person_Details_Row": {
              "runAfter": {},
              "metadata": {
                "operationMetadataId": "d884df8e-70e4-4f02-871b-f55530c1ae04"
              },
              "type": "OpenApiConnection",
              "inputs": {
                "host": {
                  "connectionName": "shared_sql_4",
                  "operationId": "ExecutePassThroughNativeQuery_V2",
                  "apiId": "/providers/Microsoft.PowerApps/apis/shared_sql"
                },
                "parameters": {
                  "server": "default",
                  "database": "default",
                  "query/query": "BEGIN TRANSACTION;\n\nDECLARE @PersonDetailsIdToDelete INT;\n\n-- Seleccionar el person_details_id que se va a eliminar\nSELECT TOP 1 @PersonDetailsIdToDelete = person_details_id\nFROM Person_Details\nWHERE person_id = @{triggerBody()['text']}\n\n-- Verificar si se encontró un registro antes de intentar eliminar\nIF @@ROWCOUNT > 0\nBEGIN\n    -- Eliminar la fila de la tabla original\n    DELETE FROM Person_Details\n    WHERE person_details_id = @PersonDetailsIdToDelete;\n\n    -- Realizar un commit para confirmar los cambios\n    COMMIT;\nEND\nELSE\nBEGIN\n    -- Si no se encontró ningún registro, realizar un rollback\n    ROLLBACK;\nEND;"
                },
                "authentication": "@parameters('$authentication')"
              }
            },
            "Execute_a_SQL_query_(V2)": {
              "runAfter": {
                "Get_Related_Person_Details_Row": [
                  "Succeeded"
                ]
              },
              "metadata": {
                "operationMetadataId": "31ae32d3-5853-48dd-a656-7aef89abab2a"
              },
              "type": "OpenApiConnection",
              "inputs": {
                "host": {
                  "connectionName": "shared_sql_4",
                  "operationId": "ExecutePassThroughNativeQuery_V2",
                  "apiId": "/providers/Microsoft.PowerApps/apis/shared_sql"
                },
                "parameters": {
                  "server": "default",
                  "database": "default",
                  "query/query": "BEGIN TRANSACTION;\n\nDECLARE @RoleIdToDelete INT;\n\n-- Seleccionar el person_details_id que se va a eliminar\nSELECT TOP 1 @RoleIdToDelete = role_id\nFROM [dbo].[Role]\nWHERE person_id = @{triggerBody()['text']}\n\n-- Verificar si se encontró un registro antes de intentar eliminar\nIF @@ROWCOUNT > 0\nBEGIN\n    -- Eliminar la fila de la tabla original\n    DELETE FROM [dbo].[Role]\n    WHERE Role_id = @RoleIdToDelete;\n\n    -- Realizar un commit para confirmar los cambios\n    COMMIT;\nEND\nELSE\nBEGIN\n    -- Si no se encontró ningún registro, realizar un rollback\n    ROLLBACK;\nEND;\n"
                },
                "authentication": "@parameters('$authentication')"
              }
            }
          },
          "runAfter": {
            "Set_result": [
              "Succeeded"
            ]
          },
          "metadata": {
            "operationMetadataId": "3e35a8c2-de64-41ba-a784-d83789a18390"
          },
          "type": "Scope"
        },
        "Catch": {
          "actions": {
            "Compose_Error": {
              "runAfter": {},
              "metadata": {
                "operationMetadataId": "801106c7-202d-44db-a208-db275c14f4f8"
              },
              "type": "Compose",
              "inputs": "@result('Try')"
            },
            "Send_Alert_Email": {
              "runAfter": {
                "Compose_Error": [
                  "Succeeded"
                ]
              },
              "metadata": {
                "operationMetadataId": "aa3fe9a9-ea6c-4bc3-aa6c-2963a9389ba6"
              },
              "type": "OpenApiConnection",
              "inputs": {
                "host": {
                  "connectionName": "shared_office365",
                  "operationId": "SendEmailV2",
                  "apiId": "/providers/Microsoft.PowerApps/apis/shared_office365"
                },
                "parameters": {
                  "emailMessage/To": "manuelportero@t8656.onmicrosoft.com",
                  "emailMessage/Subject": "LogicTransportApp_DeletePerson failed the @{formatDateTime(utcNow(),'ddMMyyyy')}",
                  "emailMessage/Body": "<p>LogicTransportApp_DeletePerson failed the @{formatDateTime(utcNow(),'ddMMyyyy')} . Please fix it inmediatelly.<br>\n<br>\nBest Regards<br>\nThe robot<br>\n</p>",
                  "emailMessage/Importance": "Normal"
                },
                "authentication": "@parameters('$authentication')"
              }
            }
          },
          "runAfter": {
            "Respond_to_a_PowerApp_or_flow": [
              "Failed",
              "Skipped",
              "TimedOut"
            ]
          },
          "metadata": {
            "operationMetadataId": "bc0657d0-28a4-4c6a-a330-ead15d906844"
          },
          "type": "Scope"
        },
        "Set_result": {
          "runAfter": {},
          "metadata": {
            "operationMetadataId": "cf93f4b1-779a-467a-adcb-e12b08f5fbd6"
          },
          "type": "InitializeVariable",
          "inputs": {
            "variables": [
              {
                "name": "result",
                "type": "string",
                "value": "failed"
              }
            ]
          }
        },
        "Respond_to_a_PowerApp_or_flow": {
          "runAfter": {
            "Try": [
              "Succeeded"
            ]
          },
          "metadata": {
            "operationMetadataId": "d2c4d6c5-57c3-4b7b-8a80-de2e937c5d5e"
          },
          "type": "Response",
          "kind": "PowerApp",
          "inputs": {
            "statusCode": 200,
            "body": {
              "result": "@variables('result')"
            },
            "schema": {
              "type": "object",
              "properties": {
                "result": {
                  "title": "result",
                  "x-ms-dynamically-added": true,
                  "type": "string"
                }
              }
            }
          }
        }
      }
    },
    "templateName": ""
  },
  "schemaVersion": "1.0.0.0"
}