<ImportExportXml xmlns:xsi="http://www.w3.org/2001/XMLSchema-instance">
  <Entities></Entities>
  <Roles></Roles>
  <Workflows>
    <Workflow WorkflowId="{1e25646a-68ae-ee11-a569-000d3a292a69}" Name="LogisticTransportApp_CreatePerson">
      <JsonFileName>/Workflows/LogisticTransportApp_CreatePerson-1E25646A-68AE-EE11-A569-000D3A292A69.json</JsonFileName>
      <Type>1</Type>
      <Subprocess>0</Subprocess>
      <Category>5</Category>
      <Mode>0</Mode>
      <Scope>4</Scope>
      <OnDemand>0</OnDemand>
      <TriggerOnCreate>0</TriggerOnCreate>
      <TriggerOnDelete>0</TriggerOnDelete>
      <AsyncAutodelete>0</AsyncAutodelete>
      <SyncWorkflowLogOnFailure>0</SyncWorkflowLogOnFailure>
      <StateCode>1</StateCode>
      <StatusCode>2</StatusCode>
      <RunAs>1</RunAs>
      <IsTransacted>1</IsTransacted>
      <IntroducedVersion>1.0</IntroducedVersion>
      <IsCustomizable>1</IsCustomizable>
      <BusinessProcessType>0</BusinessProcessType>
      <IsCustomProcessingStepAllowedForOtherPublishers>1</IsCustomProcessingStepAllowedForOtherPublishers>
      <PrimaryEntity>none</PrimaryEntity>
      <LocalizedNames>
        <LocalizedName languagecode="3082" description="LogisticTransportApp_CreatePerson" />
      </LocalizedNames>
    </Workflow>
    <Workflow WorkflowId="{352281fb-89b1-ee11-a569-000d3a292a69}" Name="LogicTransportApp_DeletePerson">
      <JsonFileName>/Workflows/LogicTransportApp_DeletePerson-352281FB-89B1-EE11-A569-000D3A292A69.json</JsonFileName>
      <Type>1</Type>
      <Subprocess>0</Subprocess>
      <Category>5</Category>
      <Mode>0</Mode>
      <Scope>4</Scope>
      <OnDemand>0</OnDemand>
      <TriggerOnCreate>0</TriggerOnCreate>
      <TriggerOnDelete>0</TriggerOnDelete>
      <AsyncAutodelete>0</AsyncAutodelete>
      <SyncWorkflowLogOnFailure>0</SyncWorkflowLogOnFailure>
      <StateCode>1</StateCode>
      <StatusCode>2</StatusCode>
      <RunAs>1</RunAs>
      <IsTransacted>1</IsTransacted>
      <IntroducedVersion>1.0.0.0</IntroducedVersion>
      <IsCustomizable>1</IsCustomizable>
      <BusinessProcessType>0</BusinessProcessType>
      <IsCustomProcessingStepAllowedForOtherPublishers>1</IsCustomProcessingStepAllowedForOtherPublishers>
      <PrimaryEntity>none</PrimaryEntity>
      <LocalizedNames>
        <LocalizedName languagecode="3082" description="LogicTransportApp_DeletePerson" />
      </LocalizedNames>
    </Workflow>
    <Workflow WorkflowId="{69c591f2-90b1-ee11-a569-000d3a292a69}" Name="LogisticTransportApp_UpdatePerson">
      <JsonFileName>/Workflows/LogisticTransportApp_UpdatePerson-69C591F2-90B1-EE11-A569-000D3A292A69.json</JsonFileName>
      <Type>1</Type>
      <Subprocess>0</Subprocess>
      <Category>5</Category>
      <Mode>0</Mode>
      <Scope>4</Scope>
      <OnDemand>0</OnDemand>
      <TriggerOnCreate>0</TriggerOnCreate>
      <TriggerOnDelete>0</TriggerOnDelete>
      <AsyncAutodelete>0</AsyncAutodelete>
      <SyncWorkflowLogOnFailure>0</SyncWorkflowLogOnFailure>
      <StateCode>1</StateCode>
      <StatusCode>2</StatusCode>
      <RunAs>1</RunAs>
      <IsTransacted>1</IsTransacted>
      <IntroducedVersion>1.0</IntroducedVersion>
      <IsCustomizable>1</IsCustomizable>
      <BusinessProcessType>0</BusinessProcessType>
      <IsCustomProcessingStepAllowedForOtherPublishers>1</IsCustomProcessingStepAllowedForOtherPublishers>
      <PrimaryEntity>none</PrimaryEntity>
      <LocalizedNames>
        <LocalizedName languagecode="3082" description="LogisticTransportApp_UpdatePerson" />
      </LocalizedNames>
    </Workflow>
    <Workflow WorkflowId="{77869adf-bdb7-ee11-a569-000d3a292a69}" Name="LogisticTransportApp_CreateMaterial">
      <JsonFileName>/Workflows/LogisticTransportApp_CreateMaterial-77869ADF-BDB7-EE11-A569-000D3A292A69.json</JsonFileName>
      <Type>1</Type>
      <Subprocess>0</Subprocess>
      <Category>5</Category>
      <Mode>0</Mode>
      <Scope>4</Scope>
      <OnDemand>0</OnDemand>
      <TriggerOnCreate>0</TriggerOnCreate>
      <TriggerOnDelete>0</TriggerOnDelete>
      <AsyncAutodelete>0</AsyncAutodelete>
      <SyncWorkflowLogOnFailure>0</SyncWorkflowLogOnFailure>
      <StateCode>1</StateCode>
      <StatusCode>2</StatusCode>
      <RunAs>1</RunAs>
      <IsTransacted>1</IsTransacted>
      <IntroducedVersion>1.0</IntroducedVersion>
      <IsCustomizable>1</IsCustomizable>
      <BusinessProcessType>0</BusinessProcessType>
      <IsCustomProcessingStepAllowedForOtherPublishers>1</IsCustomProcessingStepAllowedForOtherPublishers>
      <PrimaryEntity>none</PrimaryEntity>
      <LocalizedNames>
        <LocalizedName languagecode="3082" description="LogisticTransportApp_CreateMaterial" />
      </LocalizedNames>
    </Workflow>
    <Workflow WorkflowId="{eed32045-beb7-ee11-a569-000d3a292a69}" Name="LogisticTransportApp_UpdateMaterial">
      <JsonFileName>/Workflows/LogisticTransportApp_UpdateMaterial-EED32045-BEB7-EE11-A569-000D3A292A69.json</JsonFileName>
      <Type>1</Type>
      <Subprocess>0</Subprocess>
      <Category>5</Category>
      <Mode>0</Mode>
      <Scope>4</Scope>
      <OnDemand>0</OnDemand>
      <TriggerOnCreate>0</TriggerOnCreate>
      <TriggerOnDelete>0</TriggerOnDelete>
      <AsyncAutodelete>0</AsyncAutodelete>
      <SyncWorkflowLogOnFailure>0</SyncWorkflowLogOnFailure>
      <StateCode>1</StateCode>
      <StatusCode>2</StatusCode>
      <RunAs>1</RunAs>
      <IsTransacted>1</IsTransacted>
      <IntroducedVersion>1.0</IntroducedVersion>
      <IsCustomizable>1</IsCustomizable>
      <BusinessProcessType>0</BusinessProcessType>
      <IsCustomProcessingStepAllowedForOtherPublishers>1</IsCustomProcessingStepAllowedForOtherPublishers>
      <PrimaryEntity>none</PrimaryEntity>
      <LocalizedNames>
        <LocalizedName languagecode="3082" description="LogisticTransportApp_UpdateMaterial" />
      </LocalizedNames>
    </Workflow>
    <Workflow WorkflowId="{4d4c0d02-bfb7-ee11-a569-000d3a292a69}" Name="LogicTransportApp_DeleteMaterial">
      <JsonFileName>/Workflows/LogicTransportApp_DeleteMaterial-4D4C0D02-BFB7-EE11-A569-000D3A292A69.json</JsonFileName>
      <Type>1</Type>
      <Subprocess>0</Subprocess>
      <Category>5</Category>
      <Mode>0</Mode>
      <Scope>4</Scope>
      <OnDemand>0</OnDemand>
      <TriggerOnCreate>0</TriggerOnCreate>
      <TriggerOnDelete>0</TriggerOnDelete>
      <AsyncAutodelete>0</AsyncAutodelete>
      <SyncWorkflowLogOnFailure>0</SyncWorkflowLogOnFailure>
      <StateCode>1</StateCode>
      <StatusCode>2</StatusCode>
      <RunAs>1</RunAs>
      <IsTransacted>1</IsTransacted>
      <IntroducedVersion>1.0</IntroducedVersion>
      <IsCustomizable>1</IsCustomizable>
      <BusinessProcessType>0</BusinessProcessType>
      <IsCustomProcessingStepAllowedForOtherPublishers>1</IsCustomProcessingStepAllowedForOtherPublishers>
      <PrimaryEntity>none</PrimaryEntity>
      <LocalizedNames>
        <LocalizedName languagecode="3082" description="LogicTransportApp_DeleteMaterial" />
      </LocalizedNames>
    </Workflow>
    <Workflow WorkflowId="{139291e2-58b8-ee11-a569-000d3a292a69}" Name="LogisticTransportApp_CreatePlant">
      <JsonFileName>/Workflows/LogisticTransportApp_CreatePlant-139291E2-58B8-EE11-A569-000D3A292A69.json</JsonFileName>
      <Type>1</Type>
      <Subprocess>0</Subprocess>
      <Category>5</Category>
      <Mode>0</Mode>
      <Scope>4</Scope>
      <OnDemand>0</OnDemand>
      <TriggerOnCreate>0</TriggerOnCreate>
      <TriggerOnDelete>0</TriggerOnDelete>
      <AsyncAutodelete>0</AsyncAutodelete>
      <SyncWorkflowLogOnFailure>0</SyncWorkflowLogOnFailure>
      <StateCode>1</StateCode>
      <StatusCode>2</StatusCode>
      <RunAs>1</RunAs>
      <IsTransacted>1</IsTransacted>
      <IntroducedVersion>1.0</IntroducedVersion>
      <IsCustomizable>1</IsCustomizable>
      <BusinessProcessType>0</BusinessProcessType>
      <IsCustomProcessingStepAllowedForOtherPublishers>1</IsCustomProcessingStepAllowedForOtherPublishers>
      <PrimaryEntity>none</PrimaryEntity>
      <LocalizedNames>
        <LocalizedName languagecode="3082" description="LogisticTransportApp_CreatePlant" />
      </LocalizedNames>
    </Workflow>
    <Workflow WorkflowId="{69b8dc2c-59b8-ee11-a569-000d3a292a69}" Name="LogisticTransportApp_UpdatePlant">
      <JsonFileName>/Workflows/LogisticTransportApp_UpdatePlant-69B8DC2C-59B8-EE11-A569-000D3A292A69.json</JsonFileName>
      <Type>1</Type>
      <Subprocess>0</Subprocess>
      <Category>5</Category>
      <Mode>0</Mode>
      <Scope>4</Scope>
      <OnDemand>0</OnDemand>
      <TriggerOnCreate>0</TriggerOnCreate>
      <TriggerOnDelete>0</TriggerOnDelete>
      <AsyncAutodelete>0</AsyncAutodelete>
      <SyncWorkflowLogOnFailure>0</SyncWorkflowLogOnFailure>
      <StateCode>1</StateCode>
      <StatusCode>2</StatusCode>
      <RunAs>1</RunAs>
      <IsTransacted>1</IsTransacted>
      <IntroducedVersion>1.0</IntroducedVersion>
      <IsCustomizable>1</IsCustomizable>
      <BusinessProcessType>0</BusinessProcessType>
      <IsCustomProcessingStepAllowedForOtherPublishers>1</IsCustomProcessingStepAllowedForOtherPublishers>
      <PrimaryEntity>none</PrimaryEntity>
      <LocalizedNames>
        <LocalizedName languagecode="3082" description="LogisticTransportApp_UpdatePlant" />
      </LocalizedNames>
    </Workflow>
    <Workflow WorkflowId="{eea1c739-59b8-ee11-a569-000d3a292a69}" Name="LogicTransportApp_DeletePlant">
      <JsonFileName>/Workflows/LogicTransportApp_DeletePlant-EEA1C739-59B8-EE11-A569-000D3A292A69.json</JsonFileName>
      <Type>1</Type>
      <Subprocess>0</Subprocess>
      <Category>5</Category>
      <Mode>0</Mode>
      <Scope>4</Scope>
      <OnDemand>0</OnDemand>
      <TriggerOnCreate>0</TriggerOnCreate>
      <TriggerOnDelete>0</TriggerOnDelete>
      <AsyncAutodelete>0</AsyncAutodelete>
      <SyncWorkflowLogOnFailure>0</SyncWorkflowLogOnFailure>
      <StateCode>1</StateCode>
      <StatusCode>2</StatusCode>
      <RunAs>1</RunAs>
      <IsTransacted>1</IsTransacted>
      <IntroducedVersion>1.0</IntroducedVersion>
      <IsCustomizable>1</IsCustomizable>
      <BusinessProcessType>0</BusinessProcessType>
      <IsCustomProcessingStepAllowedForOtherPublishers>1</IsCustomProcessingStepAllowedForOtherPublishers>
      <PrimaryEntity>none</PrimaryEntity>
      <LocalizedNames>
        <LocalizedName languagecode="3082" description="LogicTransportApp_DeletePlant" />
      </LocalizedNames>
    </Workflow>
  </Workflows>
  <FieldSecurityProfiles></FieldSecurityProfiles>
  <Templates />
  <EntityMaps />
  <EntityRelationships />
  <OrganizationSettings />
  <optionsets />
  <CustomControls />
  <EntityDataProviders />
  <CanvasApps>
    <CanvasApp>
      <Name>mpl_logistictransportapp_25674</Name>
      <AppVersion>2024-01-21T12:55:44Z</AppVersion>
      <Status>Ready</Status>
      <CreatedByClientVersion>3.24012.8.0</CreatedByClientVersion>
      <MinClientVersion>3.24012.8.0</MinClientVersion>
      <Tags>{"primaryDeviceWidth":"1366","primaryDeviceHeight":"768","supportsPortrait":"true","supportsLandscape":"true","primaryFormFactor":"Tablet","showStatusBar":"false","publisherVersion":"3.24012.8","minimumRequiredApiVersion":"2.2.0","hasComponent":"true","hasUnlockedComponent":"true","isUnifiedRootApp":"false","offlineLargeFilesSupport":"false","sienaVersion":"20240120T192526Z-3.24012.8.0"}</Tags>
      <IsCdsUpgraded>0</IsCdsUpgraded>
      <GalleryItemId xsi:nil="true"></GalleryItemId>
      <BackgroundColor>rgba(68, 57, 38, 1)</BackgroundColor>
      <DisplayName>LogisticTransportApp</DisplayName>
      <Description xsi:nil="true"></Description>
      <CommitMessage xsi:nil="true"></CommitMessage>
      <Publisher xsi:nil="true"></Publisher>
      <AuthorizationReferences>[]</AuthorizationReferences>
      <ConnectionReferences>{"d4f3255a-ee56-4343-beaa-7a222e30ce66":{"id":"/providers/microsoft.powerapps/apis/shared_sql","displayName":"SQL Server","iconUri":"https://connectoricons-prod.azureedge.net/releases/v1.0.1670/1.0.1670.3526/sql/icon.png","dataSources":["Material","Person","Person_Details","Plant","Purchase_Lines","Purchase_Order","Role","Shipment","Silo","Truck","Vendor","Vendor_Invoice_Jour","Vendor_Invoice_Trans"],"dependencies":[],"dependents":[],"parameterHints":{},"parameterHintsV2":{},"isOnPremiseConnection":false,"bypassConsent":false,"dataSets":{"beerprocesssimulatorsql.database.windows.net,logisticTransportDb":{"dataSources":{"Material":{"tableName":"[dbo].[Material]"},"Person":{"tableName":"[dbo].[Person]"},"Person_Details":{"tableName":"[dbo].[Person_Details]"},"Plant":{"tableName":"[dbo].[Plant]"},"Purchase_Lines":{"tableName":"[dbo].[Purchase_Lines]"},"Purchase_Order":{"tableName":"[dbo].[Purchase_Order]"},"Role":{"tableName":"[dbo].[Role]"},"Shipment":{"tableName":"[dbo].[Shipment]"},"Silo":{"tableName":"[dbo].[Silo]"},"Truck":{"tableName":"[dbo].[Truck]"},"Vendor":{"tableName":"[dbo].[Vendor]"},"Vendor_Invoice_Jour":{"tableName":"[dbo].[Vendor_Invoice_Jour]"},"Vendor_Invoice_Trans":{"tableName":"[dbo].[Vendor_Invoice_Trans]"}}}},"apiTier":"Premium","actions":["providers/PowerPlatform.Governance/Operations/Read","providers/PowerPlatform.Governance/Operations/Write"],"endpoints":["beerprocesssimulatorsql.database.windows.net,logisticTransportDb"],"authenticationType":"oauth"},"ab919f0c-b7a9-4512-8f08-ea08d8470665":{"id":"/providers/microsoft.powerapps/apis/shared_logicflows","displayName":"Flujos lógicos","iconUri":"https://connectoricons-prod.azureedge.net/releases/v1.0.1664/1.0.1664.3477/logicflows/icon.png","dataSources":["LogicTransportApp_DeletePerson"],"dependencies":["bc725ba1-c6ea-48ee-81fb-7cb7bab5d39e","c0fe3c81-3cbe-4a7d-9523-71a2a83e67d9"],"dependents":[],"parameterHints":{"workflowName":{"value":"b6249dbc-9d85-461d-993a-ba89ad9b3850"},"workflowEntityId":{"value":"352281fb-89b1-ee11-a569-000d3a292a69"},"bc725ba1-c6ea-48ee-81fb-7cb7bab5d39e":{"value":"shared_sql_4"},"c0fe3c81-3cbe-4a7d-9523-71a2a83e67d9":{"value":"shared_office365"}},"parameterHintsV2":{"workflowName":{"value":"b6249dbc-9d85-461d-993a-ba89ad9b3850"},"workflowEntityId":{"value":"352281fb-89b1-ee11-a569-000d3a292a69"},"shared_sql_4":{"value":"bc725ba1-c6ea-48ee-81fb-7cb7bab5d39e"},"shared_office365":{"value":"c0fe3c81-3cbe-4a7d-9523-71a2a83e67d9"}},"isOnPremiseConnection":false,"bypassConsent":false,"dataSets":{},"apiTier":"Standard","actions":["Run"]},"bc725ba1-c6ea-48ee-81fb-7cb7bab5d39e":{"id":"/providers/microsoft.powerapps/apis/shared_sql","xrmConnectionReferenceLogicalName":"mpl_sharedsql_3a180","displayName":"SQL Server","executionRestrictions":{"version":1,"modifiedOn":"2024-01-21 12:55:42","appVer":"3.24012.8","apiId":"unknown","policy":"{\"type\":\"unused\"}"},"iconUri":"https://connectoricons-prod.azureedge.net/releases/v1.0.1670/1.0.1670.3526/sql/icon.png","dataSources":[],"dependencies":[],"dependents":["ab919f0c-b7a9-4512-8f08-ea08d8470665","4763251b-7515-47e8-891a-cdec7e0e4c9f","81ad662f-c4d8-43b5-8436-9e1de9f7c556"],"parameterHints":{},"parameterHintsV2":{},"isOnPremiseConnection":false,"sharedConnectionId":"ed408aa4-3945-4816-8252-a4d559ea8991","bypassConsent":false,"dataSets":{},"apiTier":"Premium","endpoints":["beerprocesssimulatorsql.database.windows.net,logisticTransportDb"],"authenticationType":"sqlAuthentication"},"c0fe3c81-3cbe-4a7d-9523-71a2a83e67d9":{"id":"/providers/microsoft.powerapps/apis/shared_office365","displayName":"Office 365 Outlook","iconUri":"https://connectoricons-prod.azureedge.net/releases/v1.0.1669/1.0.1669.3522/office365/icon.png","dataSources":[],"dependencies":[],"dependents":["ab919f0c-b7a9-4512-8f08-ea08d8470665","4763251b-7515-47e8-891a-cdec7e0e4c9f","81ad662f-c4d8-43b5-8436-9e1de9f7c556"],"parameterHints":{},"parameterHintsV2":{},"isOnPremiseConnection":false,"bypassConsent":false,"dataSets":{},"apiTier":"Standard"},"515bebaf-d361-4257-aacb-32cc41bc6b66":{"id":"/providers/microsoft.powerapps/apis/shared_logicflows","displayName":"Flujos lógicos","iconUri":"https://connectoricons-prod.azureedge.net/releases/v1.0.1664/1.0.1664.3477/logicflows/icon.png","dataSources":["LogisticTransportApp_CreatePerson"],"dependencies":["11be6b34-9e06-4cd7-a194-5cb1b0789144"],"dependents":[],"parameterHints":{"workflowName":{"value":"f271ae0c-56f9-4dd9-bd1a-ad1f267a0869"},"workflowEntityId":{"value":"1e25646a-68ae-ee11-a569-000d3a292a69"},"11be6b34-9e06-4cd7-a194-5cb1b0789144":{"value":"shared_sql_5"}},"parameterHintsV2":{"workflowName":{"value":"f271ae0c-56f9-4dd9-bd1a-ad1f267a0869"},"workflowEntityId":{"value":"1e25646a-68ae-ee11-a569-000d3a292a69"},"shared_sql_5":{"value":"11be6b34-9e06-4cd7-a194-5cb1b0789144"}},"isOnPremiseConnection":false,"bypassConsent":false,"dataSets":{},"apiTier":"Standard","actions":["Run"]},"11be6b34-9e06-4cd7-a194-5cb1b0789144":{"id":"/providers/microsoft.powerapps/apis/shared_sql","xrmConnectionReferenceLogicalName":"new_sharedsql_8dc08","displayName":"SQL Server","executionRestrictions":{"version":1,"modifiedOn":"2024-01-21 12:55:42","appVer":"3.24012.8","apiId":"unknown","policy":"{\"type\":\"unused\"}"},"iconUri":"https://connectoricons-prod.azureedge.net/releases/v1.0.1670/1.0.1670.3526/sql/icon.png","dataSources":[],"dependencies":[],"dependents":["515bebaf-d361-4257-aacb-32cc41bc6b66","14286f4d-74dd-4228-a5bf-173288d02d11","e0e739c2-4d7e-478d-b65d-cdb957c94c9a","02afeacf-ce66-4a05-a412-206f66f9f98b","c3e82fef-c735-460e-a9eb-8e77525ed3fb","62ffe25d-cfcc-48a2-a3af-5b1ffc485fe7"],"parameterHints":{},"parameterHintsV2":{},"isOnPremiseConnection":false,"sharedConnectionId":"8b0aa2b3-97dd-49b5-b96e-e1e02dde38cb","bypassConsent":false,"dataSets":{},"apiTier":"Premium","endpoints":["beerprocesssimulatorsql.database.windows.net,logisticTransportDb"],"authenticationType":"sqlAuthentication"},"14286f4d-74dd-4228-a5bf-173288d02d11":{"id":"/providers/microsoft.powerapps/apis/shared_logicflows","displayName":"Flujos lógicos","iconUri":"https://connectoricons-prod.azureedge.net/releases/v1.0.1664/1.0.1664.3477/logicflows/icon.png","dataSources":["LogisticTransportApp_UpdatePerson"],"dependencies":["11be6b34-9e06-4cd7-a194-5cb1b0789144"],"dependents":[],"parameterHints":{"workflowName":{"value":"5a2bb9cc-0135-4206-a3dd-a47a423f8e89"},"workflowEntityId":{"value":"69c591f2-90b1-ee11-a569-000d3a292a69"},"11be6b34-9e06-4cd7-a194-5cb1b0789144":{"value":"shared_sql_5"}},"parameterHintsV2":{"workflowName":{"value":"5a2bb9cc-0135-4206-a3dd-a47a423f8e89"},"workflowEntityId":{"value":"69c591f2-90b1-ee11-a569-000d3a292a69"},"shared_sql_5":{"value":"11be6b34-9e06-4cd7-a194-5cb1b0789144"}},"isOnPremiseConnection":false,"bypassConsent":false,"dataSets":{},"apiTier":"Standard","actions":["Run"]},"4763251b-7515-47e8-891a-cdec7e0e4c9f":{"id":"/providers/microsoft.powerapps/apis/shared_logicflows","displayName":"Flujos lógicos","iconUri":"https://connectoricons-prod.azureedge.net/releases/v1.0.1664/1.0.1664.3477/logicflows/icon.png","dataSources":["LogicTransportApp_DeleteMaterial"],"dependencies":["bc725ba1-c6ea-48ee-81fb-7cb7bab5d39e","c0fe3c81-3cbe-4a7d-9523-71a2a83e67d9"],"dependents":[],"parameterHints":{"workflowName":{"value":"0982cb23-c005-488b-b1a7-a20c6675b917"},"workflowEntityId":{"value":"4d4c0d02-bfb7-ee11-a569-000d3a292a69"},"bc725ba1-c6ea-48ee-81fb-7cb7bab5d39e":{"value":"shared_sql_4"},"c0fe3c81-3cbe-4a7d-9523-71a2a83e67d9":{"value":"shared_office365"}},"parameterHintsV2":{"workflowName":{"value":"0982cb23-c005-488b-b1a7-a20c6675b917"},"workflowEntityId":{"value":"4d4c0d02-bfb7-ee11-a569-000d3a292a69"},"shared_sql_4":{"value":"bc725ba1-c6ea-48ee-81fb-7cb7bab5d39e"},"shared_office365":{"value":"c0fe3c81-3cbe-4a7d-9523-71a2a83e67d9"}},"isOnPremiseConnection":false,"bypassConsent":false,"dataSets":{},"apiTier":"Standard","actions":["Run"]},"e0e739c2-4d7e-478d-b65d-cdb957c94c9a":{"id":"/providers/microsoft.powerapps/apis/shared_logicflows","displayName":"Flujos lógicos","iconUri":"https://connectoricons-prod.azureedge.net/releases/v1.0.1664/1.0.1664.3477/logicflows/icon.png","dataSources":["LogisticTransportApp_CreateMaterial"],"dependencies":["11be6b34-9e06-4cd7-a194-5cb1b0789144"],"dependents":[],"parameterHints":{"workflowName":{"value":"40751e4e-37b9-48db-b86e-f04953de80e1"},"workflowEntityId":{"value":"77869adf-bdb7-ee11-a569-000d3a292a69"},"11be6b34-9e06-4cd7-a194-5cb1b0789144":{"value":"shared_sql_5"}},"parameterHintsV2":{"workflowName":{"value":"40751e4e-37b9-48db-b86e-f04953de80e1"},"workflowEntityId":{"value":"77869adf-bdb7-ee11-a569-000d3a292a69"},"shared_sql_5":{"value":"11be6b34-9e06-4cd7-a194-5cb1b0789144"}},"isOnPremiseConnection":false,"bypassConsent":false,"dataSets":{},"apiTier":"Standard","actions":["Run"]},"02afeacf-ce66-4a05-a412-206f66f9f98b":{"id":"/providers/microsoft.powerapps/apis/shared_logicflows","displayName":"Flujos lógicos","iconUri":"https://connectoricons-prod.azureedge.net/releases/v1.0.1664/1.0.1664.3477/logicflows/icon.png","dataSources":["LogisticTransportApp_UpdateMaterial"],"dependencies":["11be6b34-9e06-4cd7-a194-5cb1b0789144"],"dependents":[],"parameterHints":{"workflowName":{"value":"deb2eae4-dd37-43fa-a239-edc28350434e"},"workflowEntityId":{"value":"eed32045-beb7-ee11-a569-000d3a292a69"},"11be6b34-9e06-4cd7-a194-5cb1b0789144":{"value":"shared_sql_5"}},"parameterHintsV2":{"workflowName":{"value":"deb2eae4-dd37-43fa-a239-edc28350434e"},"workflowEntityId":{"value":"eed32045-beb7-ee11-a569-000d3a292a69"},"shared_sql_5":{"value":"11be6b34-9e06-4cd7-a194-5cb1b0789144"}},"isOnPremiseConnection":false,"bypassConsent":false,"dataSets":{},"apiTier":"Standard","actions":["Run"]},"30bbbed5-90e9-459c-a5c3-1218e4fb266e":{"id":"/providers/microsoft.powerapps/apis/shared_microsoftspatialservices","displayName":"Servicios espaciales","iconUri":"https://connectoricons-prod.azureedge.net/releases/v1.0.1664/1.0.1664.3477/microsoftspatialservices/icon.png","dataSources":["Serviciosespaciales"],"dependencies":[],"dependents":[],"parameterHints":{},"parameterHintsV2":{},"isOnPremiseConnection":false,"bypassConsent":false,"dataSets":{},"apiTier":"Premium"},"c3e82fef-c735-460e-a9eb-8e77525ed3fb":{"id":"/providers/microsoft.powerapps/apis/shared_logicflows","displayName":"Flujos lógicos","iconUri":"https://connectoricons-prod.azureedge.net/releases/v1.0.1664/1.0.1664.3477/logicflows/icon.png","dataSources":["LogisticTransportApp_CreatePlant"],"dependencies":["11be6b34-9e06-4cd7-a194-5cb1b0789144"],"dependents":[],"parameterHints":{"workflowName":{"value":"bc9d0607-f5b6-4ece-9380-f08e78490f53"},"workflowEntityId":{"value":"139291e2-58b8-ee11-a569-000d3a292a69"},"11be6b34-9e06-4cd7-a194-5cb1b0789144":{"value":"shared_sql_5"}},"parameterHintsV2":{"workflowName":{"value":"bc9d0607-f5b6-4ece-9380-f08e78490f53"},"workflowEntityId":{"value":"139291e2-58b8-ee11-a569-000d3a292a69"},"shared_sql_5":{"value":"11be6b34-9e06-4cd7-a194-5cb1b0789144"}},"isOnPremiseConnection":false,"bypassConsent":false,"dataSets":{},"apiTier":"Standard","actions":["Run"]},"81ad662f-c4d8-43b5-8436-9e1de9f7c556":{"id":"/providers/microsoft.powerapps/apis/shared_logicflows","displayName":"Flujos lógicos","iconUri":"https://connectoricons-prod.azureedge.net/releases/v1.0.1664/1.0.1664.3477/logicflows/icon.png","dataSources":["LogicTransportApp_DeletePlant"],"dependencies":["bc725ba1-c6ea-48ee-81fb-7cb7bab5d39e","c0fe3c81-3cbe-4a7d-9523-71a2a83e67d9"],"dependents":[],"parameterHints":{"workflowName":{"value":"810e6ff6-793b-4c80-b2aa-d6313b4e2d37"},"workflowEntityId":{"value":"eea1c739-59b8-ee11-a569-000d3a292a69"},"bc725ba1-c6ea-48ee-81fb-7cb7bab5d39e":{"value":"shared_sql_4"},"c0fe3c81-3cbe-4a7d-9523-71a2a83e67d9":{"value":"shared_office365"}},"parameterHintsV2":{"workflowName":{"value":"810e6ff6-793b-4c80-b2aa-d6313b4e2d37"},"workflowEntityId":{"value":"eea1c739-59b8-ee11-a569-000d3a292a69"},"shared_sql_4":{"value":"bc725ba1-c6ea-48ee-81fb-7cb7bab5d39e"},"shared_office365":{"value":"c0fe3c81-3cbe-4a7d-9523-71a2a83e67d9"}},"isOnPremiseConnection":false,"bypassConsent":false,"dataSets":{},"apiTier":"Standard","actions":["Run"]},"62ffe25d-cfcc-48a2-a3af-5b1ffc485fe7":{"id":"/providers/microsoft.powerapps/apis/shared_logicflows","displayName":"Flujos lógicos","iconUri":"https://connectoricons-prod.azureedge.net/releases/v1.0.1664/1.0.1664.3477/logicflows/icon.png","dataSources":["LogisticTransportApp_UpdatePlant"],"dependencies":["11be6b34-9e06-4cd7-a194-5cb1b0789144"],"dependents":[],"parameterHints":{"workflowName":{"value":"142fb4a1-e393-43de-acf8-15422528c070"},"workflowEntityId":{"value":"69b8dc2c-59b8-ee11-a569-000d3a292a69"},"11be6b34-9e06-4cd7-a194-5cb1b0789144":{"value":"shared_sql_5"}},"parameterHintsV2":{"workflowName":{"value":"142fb4a1-e393-43de-acf8-15422528c070"},"workflowEntityId":{"value":"69b8dc2c-59b8-ee11-a569-000d3a292a69"},"shared_sql_5":{"value":"11be6b34-9e06-4cd7-a194-5cb1b0789144"}},"isOnPremiseConnection":false,"bypassConsent":false,"dataSets":{},"apiTier":"Standard","actions":["Run"]}}</ConnectionReferences>
      <DatabaseReferences>{}</DatabaseReferences>
      <AppComponents>[]</AppComponents>
      <AppComponentDependencies>[]</AppComponentDependencies>
      <CanConsumeAppPass>1</CanConsumeAppPass>
      <CanvasAppType>0</CanvasAppType>
      <BypassConsent>0</BypassConsent>
      <AdminControlBypassConsent>0</AdminControlBypassConsent>
      <EmbeddedApp xsi:nil="true"></EmbeddedApp>
      <IntroducedVersion>1.0</IntroducedVersion>
      <CdsDependencies>{"cdsdependencies":[{"dependencyid":"352281fb-89b1-ee11-a569-000d3a292a69","componenttype":29,"componenttypeplatformname":"Workflow"},{"dependencyid":"1e25646a-68ae-ee11-a569-000d3a292a69","componenttype":29,"componenttypeplatformname":"Workflow"},{"dependencyid":"69c591f2-90b1-ee11-a569-000d3a292a69","componenttype":29,"componenttypeplatformname":"Workflow"},{"dependencyid":"4d4c0d02-bfb7-ee11-a569-000d3a292a69","componenttype":29,"componenttypeplatformname":"Workflow"},{"dependencyid":"77869adf-bdb7-ee11-a569-000d3a292a69","componenttype":29,"componenttypeplatformname":"Workflow"},{"dependencyid":"eed32045-beb7-ee11-a569-000d3a292a69","componenttype":29,"componenttypeplatformname":"Workflow"},{"dependencyid":"139291e2-58b8-ee11-a569-000d3a292a69","componenttype":29,"componenttypeplatformname":"Workflow"},{"dependencyid":"eea1c739-59b8-ee11-a569-000d3a292a69","componenttype":29,"componenttypeplatformname":"Workflow"},{"dependencyid":"69b8dc2c-59b8-ee11-a569-000d3a292a69","componenttype":29,"componenttypeplatformname":"Workflow"},{"logicalname":"mpl_sharedsql_3a180","componenttype":10064,"componenttypeplatformname":"ConnectionReference"},{"logicalname":"new_sharedsql_8dc08","componenttype":10064,"componenttypeplatformname":"ConnectionReference"}]}</CdsDependencies>
      <IsCustomizable>1</IsCustomizable>
      <BackgroundImageUri>/CanvasApps/mpl_logistictransportapp_25674_BackgroundImageUri</BackgroundImageUri>
      <DocumentUri>/CanvasApps/mpl_logistictransportapp_25674_DocumentUri.msapp</DocumentUri>
      <AdditionalUris>
        <AdditionalUri>/CanvasApps/mpl_logistictransportapp_25674_AdditionalUris0_identity.json</AdditionalUri>
      </AdditionalUris>
    </CanvasApp>
  </CanvasApps>
  <connectionreferences>
    <connectionreference connectionreferencelogicalname="mpl_sharedsql_0c956">
      <connectionreferencedisplayname>SQL Server LogisticTransportDigitalSolution-0c956</connectionreferencedisplayname>
      <connectorid>/providers/Microsoft.PowerApps/apis/shared_sql</connectorid>
      <iscustomizable>1</iscustomizable>
      <statecode>0</statecode>
      <statuscode>1</statuscode>
    </connectionreference>
    <connectionreference connectionreferencelogicalname="mpl_sharedsql_3a180">
      <connectionreferencedisplayname>SQL Server LogisticTransportDigitalSolution-3a180</connectionreferencedisplayname>
      <connectorid>/providers/Microsoft.PowerApps/apis/shared_sql</connectorid>
      <iscustomizable>1</iscustomizable>
      <statecode>0</statecode>
      <statuscode>1</statuscode>
    </connectionreference>
    <connectionreference connectionreferencelogicalname="mpl_sharedsql_b15f1">
      <connectionreferencedisplayname>SQL Server LogisticTransportDigitalSolution-b15f1</connectionreferencedisplayname>
      <connectorid>/providers/Microsoft.PowerApps/apis/shared_sql</connectorid>
      <iscustomizable>1</iscustomizable>
      <statecode>0</statecode>
      <statuscode>1</statuscode>
    </connectionreference>
  </connectionreferences>
  <Languages>
    <Language>3082</Language>
  </Languages>
</ImportExportXml>