<ImportExportXml version="9.2.23122.190" SolutionPackageVersion="9.2" languagecode="3082" generatedBy="CrmLive" xmlns:xsi="http://www.w3.org/2001/XMLSchema-instance">
  <SolutionManifest>
    <UniqueName>LogisticTransportDigitalSolution</UniqueName>
    <LocalizedNames>
      <LocalizedName description="LogisticTransportDigitalSolution" languagecode="3082" />
    </LocalizedNames>
    <Descriptions />
    <Version>1.0.0.1</Version>
    <Managed>1</Managed>
    <Publisher>
      <UniqueName>ManuelPortero</UniqueName>
      <LocalizedNames>
        <LocalizedName description="ManuelPortero" languagecode="3082" />
      </LocalizedNames>
      <Descriptions>
        <Description description="Model Driven App developed by Manuel Portero Leiva" languagecode="3082" />
      </Descriptions>
      <EMailAddress xsi:nil="true"></EMailAddress>
      <SupportingWebsiteUrl xsi:nil="true"></SupportingWebsiteUrl>
      <CustomizationPrefix>mpl</CustomizationPrefix>
      <CustomizationOptionValuePrefix>86553</CustomizationOptionValuePrefix>
      <Addresses>
        <Address>
          <AddressNumber>1</AddressNumber>
          <AddressTypeCode>1</AddressTypeCode>
          <City xsi:nil="true"></City>
          <County xsi:nil="true"></County>
          <Country xsi:nil="true"></Country>
          <Fax xsi:nil="true"></Fax>
          <FreightTermsCode xsi:nil="true"></FreightTermsCode>
          <ImportSequenceNumber xsi:nil="true"></ImportSequenceNumber>
          <Latitude xsi:nil="true"></Latitude>
          <Line1 xsi:nil="true"></Line1>
          <Line2 xsi:nil="true"></Line2>
          <Line3 xsi:nil="true"></Line3>
          <Longitude xsi:nil="true"></Longitude>
          <Name xsi:nil="true"></Name>
          <PostalCode xsi:nil="true"></PostalCode>
          <PostOfficeBox xsi:nil="true"></PostOfficeBox>
          <PrimaryContactName xsi:nil="true"></PrimaryContactName>
          <ShippingMethodCode>1</ShippingMethodCode>
          <StateOrProvince xsi:nil="true"></StateOrProvince>
          <Telephone1 xsi:nil="true"></Telephone1>
          <Telephone2 xsi:nil="true"></Telephone2>
          <Telephone3 xsi:nil="true"></Telephone3>
          <TimeZoneRuleVersionNumber xsi:nil="true"></TimeZoneRuleVersionNumber>
          <UPSZone xsi:nil="true"></UPSZone>
          <UTCOffset xsi:nil="true"></UTCOffset>
          <UTCConversionTimeZoneCode xsi:nil="true"></UTCConversionTimeZoneCode>
        </Address>
        <Address>
          <AddressNumber>2</AddressNumber>
          <AddressTypeCode>1</AddressTypeCode>
          <City xsi:nil="true"></City>
          <County xsi:nil="true"></County>
          <Country xsi:nil="true"></Country>
          <Fax xsi:nil="true"></Fax>
          <FreightTermsCode xsi:nil="true"></FreightTermsCode>
          <ImportSequenceNumber xsi:nil="true"></ImportSequenceNumber>
          <Latitude xsi:nil="true"></Latitude>
          <Line1 xsi:nil="true"></Line1>
          <Line2 xsi:nil="true"></Line2>
          <Line3 xsi:nil="true"></Line3>
          <Longitude xsi:nil="true"></Longitude>
          <Name xsi:nil="true"></Name>
          <PostalCode xsi:nil="true"></PostalCode>
          <PostOfficeBox xsi:nil="true"></PostOfficeBox>
          <PrimaryContactName xsi:nil="true"></PrimaryContactName>
          <ShippingMethodCode>1</ShippingMethodCode>
          <StateOrProvince xsi:nil="true"></StateOrProvince>
          <Telephone1 xsi:nil="true"></Telephone1>
          <Telephone2 xsi:nil="true"></Telephone2>
          <Telephone3 xsi:nil="true"></Telephone3>
          <TimeZoneRuleVersionNumber xsi:nil="true"></TimeZoneRuleVersionNumber>
          <UPSZone xsi:nil="true"></UPSZone>
          <UTCOffset xsi:nil="true"></UTCOffset>
          <UTCConversionTimeZoneCode xsi:nil="true"></UTCConversionTimeZoneCode>
        </Address>
      </Addresses>
    </Publisher>
    <RootComponents>
      <RootComponent type="29" id="{139291e2-58b8-ee11-a569-000d3a292a69}" behavior="0" />
      <RootComponent type="29" id="{1e25646a-68ae-ee11-a569-000d3a292a69}" behavior="0" />
      <RootComponent type="29" id="{352281fb-89b1-ee11-a569-000d3a292a69}" behavior="0" />
      <RootComponent type="29" id="{4d4c0d02-bfb7-ee11-a569-000d3a292a69}" behavior="0" />
      <RootComponent type="29" id="{69b8dc2c-59b8-ee11-a569-000d3a292a69}" behavior="0" />
      <RootComponent type="29" id="{69c591f2-90b1-ee11-a569-000d3a292a69}" behavior="0" />
      <RootComponent type="29" id="{77869adf-bdb7-ee11-a569-000d3a292a69}" behavior="0" />
      <RootComponent type="29" id="{eea1c739-59b8-ee11-a569-000d3a292a69}" behavior="0" />
      <RootComponent type="29" id="{eed32045-beb7-ee11-a569-000d3a292a69}" behavior="0" />
      <RootComponent type="300" schemaName="mpl_logistictransportapp_25674" behavior="0" />
    </RootComponents>
    <MissingDependencies>
      <MissingDependency>
        <Required type="connectionreference" displayName="new_sharedoffice365_150da" solution="Active" id.connectionreferencelogicalname="new_sharedoffice365_150da" />
        <Dependent type="29" displayName="LogicTransportApp_DeletePerson" id="{352281fb-89b1-ee11-a569-000d3a292a69}" />
      </MissingDependency>
      <MissingDependency>
        <Required type="connectionreference" displayName="new_sharedoffice365_150da" solution="Active" id.connectionreferencelogicalname="new_sharedoffice365_150da" />
        <Dependent type="29" displayName="LogicTransportApp_DeleteMaterial" id="{4d4c0d02-bfb7-ee11-a569-000d3a292a69}" />
      </MissingDependency>
      <MissingDependency>
        <Required type="connectionreference" displayName="new_sharedoffice365_150da" solution="Active" id.connectionreferencelogicalname="new_sharedoffice365_150da" />
        <Dependent type="29" displayName="LogicTransportApp_DeletePlant" id="{eea1c739-59b8-ee11-a569-000d3a292a69}" />
      </MissingDependency>
      <MissingDependency>
        <Required type="connectionreference" displayName="new_sharedsql_8dc08" solution="Active" id.connectionreferencelogicalname="new_sharedsql_8dc08" />
        <Dependent type="29" displayName="LogisticTransportApp_CreatePlant" id="{139291e2-58b8-ee11-a569-000d3a292a69}" />
      </MissingDependency>
      <MissingDependency>
        <Required type="connectionreference" displayName="new_sharedsql_8dc08" solution="Active" id.connectionreferencelogicalname="new_sharedsql_8dc08" />
        <Dependent type="29" displayName="LogisticTransportApp_CreatePerson" id="{1e25646a-68ae-ee11-a569-000d3a292a69}" />
      </MissingDependency>
      <MissingDependency>
        <Required type="connectionreference" displayName="new_sharedsql_8dc08" solution="Active" id.connectionreferencelogicalname="new_sharedsql_8dc08" />
        <Dependent type="29" displayName="LogisticTransportApp_UpdatePlant" id="{69b8dc2c-59b8-ee11-a569-000d3a292a69}" />
      </MissingDependency>
      <MissingDependency>
        <Required type="connectionreference" displayName="new_sharedsql_8dc08" solution="Active" id.connectionreferencelogicalname="new_sharedsql_8dc08" />
        <Dependent type="29" displayName="LogisticTransportApp_UpdatePerson" id="{69c591f2-90b1-ee11-a569-000d3a292a69}" />
      </MissingDependency>
      <MissingDependency>
        <Required type="connectionreference" displayName="new_sharedsql_8dc08" solution="Active" id.connectionreferencelogicalname="new_sharedsql_8dc08" />
        <Dependent type="29" displayName="LogisticTransportApp_CreateMaterial" id="{77869adf-bdb7-ee11-a569-000d3a292a69}" />
      </MissingDependency>
      <MissingDependency>
        <Required type="connectionreference" displayName="new_sharedsql_8dc08" solution="Active" id.connectionreferencelogicalname="new_sharedsql_8dc08" />
        <Dependent type="29" displayName="LogisticTransportApp_UpdateMaterial" id="{eed32045-beb7-ee11-a569-000d3a292a69}" />
      </MissingDependency>
      <MissingDependency>
        <Required type="connectionreference" displayName="new_sharedsql_8dc08" solution="Active" id.connectionreferencelogicalname="new_sharedsql_8dc08" />
        <Dependent type="300" schemaName="mpl_logistictransportapp_25674" displayName="LogisticTransportApp" />
      </MissingDependency>
    </MissingDependencies>
  </SolutionManifest>
</ImportExportXml>